{
    "vgg_accuracy": 0.6900770276393294,
    "effnet_accuracy": 0.6900770276393294,
    "ensemble_accuracy": 0.6900770276393294
}