{
    "loss": 32.16910934448242,
    "accuracy": 0.5586769580841064
}