{
    "loss": 31.207881927490234,
    "accuracy": 0.8908019661903381
}