{
    "loss": 45.51935577392578,
    "accuracy": 0.7503398060798645
}