{
    "loss": 19.50568962097168,
    "accuracy": 0.7385591268539429
}